"date","hour","nof_measurements","nof_zero","zero_proportion","mean","sd","min","max","quantile_25","quantile_75"
"2003-05-07","15",60,0,0,359.883333333333,348.348261918903,4,1468,112.75,566
"2003-05-07","16",60,0,0,146.9,263.627478570856,3,1073,4,175
"2003-05-07","17",60,0,0,5.95,20.240440304717,3,160,3,3.25
"2003-05-07","18",60,0,0,14.3666666666667,31.0996030639374,3,172,3,4.5
"2003-05-07","19",60,0,0,75.7833333333333,143.613191838551,3,687,4,62.75
"2003-05-07","20",60,0,0,16.9666666666667,36.9947163733961,3,184,4,4
"2003-05-07","21",60,0,0,22.15,76.2462169108759,3,586,4,10
"2003-05-07","22",60,0,0,13.6666666666667,39.7674028279899,3,296,3,4
"2003-05-07","23",60,0,0,7.18333333333333,25.9833660393426,3,205,3.75,4
"2003-05-08","00",60,0,0,25.5333333333333,51.0192607918952,3,316,4,29.5
"2003-05-08","01",60,0,0,25.5833333333333,71.0774921265913,3,349,3,4
"2003-05-08","02",60,0,0,9.1,35.1035755578994,3,268,3,4
"2003-05-08","03",60,0,0,4.5,4.27646297694957,3,35,4,4
"2003-05-08","04",60,0,0,95.0666666666667,167.539205294565,3,945,4,113
"2003-05-08","05",60,0,0,157.45,232.423665252684,6,1515,6.75,250
"2003-05-08","06",60,0,0,476.833333333333,345.040560949818,37,1886,234,620
"2003-05-08","07",60,0,0,327.116666666667,348.896424418124,28,1665,86.5,397
"2003-05-08","08",60,0,0,407.8,376.488674509471,4,1295,109,698.5
"2003-05-08","09",60,0,0,500.483333333333,409.376396016941,6,2008,151.25,812.75
"2003-05-08","10",60,0,0,718.083333333333,723.811926402335,6,3736,223.25,925
"2003-05-08","11",60,0,0,332.583333333333,310.649417727546,4,1515,78.5,483
"2003-05-08","12",60,0,0,317.466666666667,294.462881702542,4,1295,45.25,449.25
"2003-05-08","13",60,0,0,514.083333333333,408.859857125105,19,1829,219,687.75
"2003-05-08","14",60,0,0,396.933333333333,384.270996654778,6,2008,128,523.5
"2003-05-08","15",60,0,0,492.616666666667,440.217938771036,9,2205,187,692.5
"2003-05-08","16",60,0,0,386.733333333333,293.955310028217,21,1039,140.75,665
"2003-05-08","17",60,0,0,266.333333333333,251.199675230997,13,945,82,417
"2003-05-08","18",60,0,0,164.866666666667,242.662104942534,4,1295,9.75,238
"2003-05-08","19",60,0,0,147.75,289.690812676468,3,1295,8.25,100
"2003-05-08","20",60,0,0,37.9833333333333,55.3106762203718,4,277,4,44
"2003-05-08","21",60,0,0,402.533333333333,454.427912526966,3,1515,4,787.25
"2003-05-08","22",60,0,0,19.3333333333333,57.6998859284678,3,384,4,4
"2003-05-08","23",60,0,0,4.71666666666667,9.79638755049779,3,79,3,4
"2003-05-09","00",60,0,0,19.1833333333333,56.4415076456214,3,360,3,4
"2003-05-09","01",60,0,0,4.05,6.17382391188113,3,50,3,3
"2003-05-09","02",60,0,0,9.25,19.6025119455714,3,129,4,4
"2003-05-09","03",60,0,0,29.35,91.4860043014824,4,586,4,9.25
"2003-05-09","04",60,0,0,48.5333333333333,133.356088453747,3,781,3,5.25
"2003-05-09","05",60,0,0,190.833333333333,220.997596939667,6,1336,7,284.25
"2003-05-09","06",60,0,0,520.233333333333,285.853960975967,59,1106,306,715
"2003-05-09","07",60,0,0,366.383333333333,338.642108550629,6,1295,67.25,644
"2003-05-09","08",60,0,0,281.35,327.910427258855,4,1665,62,329.5
"2003-05-09","09",60,0,0,511.716666666667,514.753259690098,7,3103,182.5,624
"2003-05-09","10",60,0,0,320.65,258.350295962147,6,1106,124,388.5
"2003-05-09","11",60,0,0,349.766666666667,310.358478715717,15,1829,138,445.5
"2003-05-09","12",60,0,0,275.95,300.317088074972,12,1614,77,366
"2003-05-09","13",60,0,0,144.8,168.781254481672,4,756,37.75,158.5
"2003-05-09","14",60,0,0,447.633333333333,415.518624953943,16,1773,124,698.5
"2003-05-09","15",60,0,0,487.3,355.098759239679,4,1217,172.5,687
"2003-05-09","16",60,0,0,461.833333333333,318.426223617035,41,1295,203,692.5
"2003-05-09","17",60,0,0,300.733333333333,259.005913594335,4,945,85,456.75
"2003-05-09","18",60,0,0,661.183333333333,395.858025040166,149,2072,410,812.75
"2003-05-09","19",60,0,0,234.25,244.18155408616,4,1073,48.5,332.5
"2003-05-09","20",60,0,0,125.083333333333,139.234017330252,4,586,25.75,166
"2003-05-09","21",60,0,0,26.05,69.0724073536395,3,360,4,4
"2003-05-09","22",60,0,0,23.3166666666667,44.0490834344193,3,172,4,4
"2003-05-09","23",60,0,0,18.8833333333333,52.9973109860436,3,285,4,4
"2003-05-10","00",60,0,0,12.95,30.0831756572859,3,143,3,4
"2003-05-10","01",60,0,0,14.5166666666667,48.9439290626569,3,327,3.75,4
"2003-05-10","02",60,0,0,26.2666666666667,66.4782025360898,3,360,4,6.25
"2003-05-10","03",60,0,0,28.6833333333333,86.9643394023298,3,468,4,5.25
"2003-05-10","04",60,0,0,9.96666666666667,32.0518471223548,3,241,4,4
"2003-05-10","05",60,0,0,116.666666666667,166.519064584379,3,859,4,163
"2003-05-10","06",60,0,0,19.1666666666667,62.0331149035156,3,424,4,4
"2003-05-10","07",60,0,0,11.3666666666667,40.7888181198698,3,306,4,4
"2003-05-10","08",60,0,0,41.7,147.055886989624,3,1073,4,6.75
"2003-05-10","09",60,0,0,431.35,229.248427530973,38,1039,241,571
"2003-05-10","10",60,0,0,229.65,171.538682201786,31,1039,99,316
"2003-05-10","11",60,0,0,599.9,350.02250290856,7,1423,393.75,819.25
"2003-05-10","12",60,0,0,449.266666666667,343.752022695641,4,1423,244.25,575.75
"2003-05-10","13",60,0,0,223.016666666667,185.096355270608,4,945,70.25,337
"2003-05-10","14",60,0,0,231.833333333333,259.917272801492,4,1178,58.25,338.25
"2003-05-10","15",60,0,0,180.616666666667,176.084541681571,4,833,57.5,247.75
"2003-05-10","16",60,0,0,416.366666666667,345.651728643333,4,1336,108.75,645.25
"2003-05-10","17",60,0,0,211.5,279.219645027873,4,1255,25.75,241
"2003-05-10","18",60,0,0,331.383333333333,309.66975803192,3,1073,130.75,495
"2003-05-10","19",60,0,0,5,7.56889262661457,3,59,3.75,4
"2003-05-10","20",60,0,0,19.8666666666667,42.8535015940361,3,205,4,4
"2003-05-10","21",60,0,0,12.5333333333333,32.4786587905991,3,178,3,4
"2003-05-10","22",60,0,0,100.333333333333,177.17162670906,3,915,4,143
"2003-05-10","23",60,0,0,6.28333333333333,12.048055848041,3,82,4,4
"2003-05-11","00",60,0,0,10.5333333333333,19.1465947467293,3,107,4,4
"2003-05-11","01",60,0,0,10.6,24.7832638990817,3,160,4,4
"2003-05-11","02",60,0,0,31.6666666666667,115.734744452331,3,833,4,4
"2003-05-11","03",60,0,0,85,149.801224226176,3,644,4,83.5
"2003-05-11","04",60,0,0,83.3333333333333,149.428704916784,4,887,4,114.25
"2003-05-11","05",60,0,0,25.8,55.3083191707317,4,277,4,10
"2003-05-11","06",60,0,0,27.4833333333333,68.1214000240962,3,360,4,10
"2003-05-11","07",60,0,0,208.283333333333,319.6650308071,3,1515,4,308.5
"2003-05-11","08",60,0,0,207.233333333333,146.931480245064,4,665,115,287.75
"2003-05-11","09",60,0,0,202.033333333333,270.519147269741,6,1006,6,351.75
"2003-05-11","10",60,0,0,412.666666666667,332.749188727591,12,1178,81.25,629
"2003-05-11","11",60,0,0,355.816666666667,220.539591869399,9,1006,188.5,499
"2003-05-11","12",60,0,0,245.05,264.209240719086,4,1142,55.25,387.25
"2003-05-11","13",60,0,0,192.166666666667,210.665464310378,4,945,40.25,268
"2003-05-11","14",60,0,0,316.55,340.117697724015,3,1142,10,549
"2003-05-11","15",60,0,0,10.7333333333333,29.2220410583487,3,178,3,4
"2003-05-11","16",60,0,0,6.16666666666667,7.83552679951953,4,41,4,4
"2003-05-11","17",60,0,0,11.85,23.2538132466156,3,107,4,4
"2003-05-11","18",60,0,0,100.05,180.644366887361,3,733,3,107.5
"2003-05-11","19",60,0,0,130.766666666667,174.34811919452,3,806,4,212
"2003-05-11","20",60,0,0,72.8666666666667,134.355141155083,3,605,4,75.25
"2003-05-11","21",60,0,0,18.9333333333333,43.8942746224695,3,227,3,4
"2003-05-11","22",60,0,0,19.9,35.2365853787302,3,149,4,7
"2003-05-11","23",60,0,0,9.65,24.531422257303,3,125,4,4
"2003-05-12","00",60,0,0,20.2,64.8708756567581,3,483,4,6
"2003-05-12","01",60,0,0,10.05,26.3981413059098,3,190,4,4
"2003-05-12","02",60,0,0,14.0666666666667,40.7950091109388,3,277,4,4
"2003-05-12","03",60,0,0,19.6666666666667,34.7595452890363,3,197,3,22.75
"2003-05-12","04",60,0,0,109.433333333333,180.003424323988,3,975,4,148
"2003-05-12","05",60,0,0,16.25,47.7268445941616,6,296,6,6
"2003-05-12","06",60,0,0,477.066666666667,346.742656816979,31,1614,203,704.25
"2003-05-12","07",60,0,0,272.866666666667,263.241235414589,4,1142,85,438
"2003-05-12","08",60,0,0,254.483333333333,296.332983323912,6,1255,71,270.25
"2003-05-12","09",60,0,0,942.516666666667,877.59315487316,10,3103,301.75,1564
"2003-05-12","10",60,0,0,625.333333333333,282.538892877955,19,1255,434.5,833
"2003-05-12","11",60,0,0,469.333333333333,454.771526420617,9,2657,208.25,549.5
"2003-05-12","12",60,0,0,139.766666666667,188.837780501235,4,945,9,240.25
"2003-05-12","13",60,0,0,521.8,503.981093269263,13,3300,172,839.5
"2003-05-12","14",60,0,0,535.516666666667,465.970810596204,25,2741,225,715
"2003-05-12","15",60,0,0,489.35,368.553325028863,12,1773,205,704.25
"2003-05-12","16",60,0,0,121.316666666667,200.242860315529,3,1073,4,178.25
"2003-05-12","17",60,0,0,105.4,173.093116901407,3,806,3,157
"2003-05-12","18",60,0,0,6.15,12.1861619213303,3,71,3,4
"2003-05-12","19",60,0,0,49.6166666666667,140.874158492867,4,709,4,6
"2003-05-12","20",60,0,0,88.9833333333333,162.685252075712,3,733,4,104
"2003-05-12","21",60,0,0,7.08333333333333,18.2490228822858,3,134,3,4
"2003-05-12","22",60,0,0,38.9,96.7771684798798,3,549,3.75,26.5
"2003-05-12","23",60,0,0,53.85,111.10596941964,4,733,4,65.75
"2003-05-13","00",60,0,0,15.55,41.1699351386668,3,296,4,6
"2003-05-13","01",60,0,0,9.28333333333333,21.7201707914335,3,149,3,4
"2003-05-13","02",60,0,0,8.68333333333333,16.6667146891964,3,112,3,4
"2003-05-13","03",60,0,0,16.45,45.5785501885277,3,337,3,9.25
"2003-05-13","04",60,0,0,38.9666666666667,114.37538058348,3,733,3,6
"2003-05-13","05",60,0,0,47.8666666666667,83.5432429722936,4,349,6,33.5
"2003-05-13","06",60,0,0,399.45,292.597046047858,38,1106,147.5,531
"2003-05-13","07",60,0,0,284.833333333333,282.422280694651,12,1468,100.75,387.25
"2003-05-13","08",60,0,0,338.216666666667,436.639171191968,6,2918,116.5,327
"2003-05-13","09",60,0,0,940.05,927.965743541452,26,2918,205,1653.75
"2003-05-13","10",60,0,0,1081.36666666667,609.5074134132,154,2420,615.75,1527.25
"2003-05-13","11",60,0,0,277.666666666667,265.243007650239,6,1255,67.25,378.25
"2003-05-13","12",60,0,0,303.516666666667,354.936446527327,4,1614,49,387.25
"2003-05-13","13",60,0,0,588.583333333333,482.356865277386,10,1614,166,975
"2003-05-13","14",60,0,0,622.3,531.065711405386,4,2657,205,887
"2003-05-13","15",60,0,0,133.716666666667,251.063034266579,3,1295,3.75,126
"2003-05-13","16",60,0,0,222.366666666667,314.918658675412,3,1039,3.75,385
"2003-05-13","17",60,0,0,272.5,283.019823226189,4,1178,64.25,348.75
"2003-05-13","18",60,0,0,129,216.80054099626,3,1073,4,100.5
"2003-05-13","19",60,0,0,6.38333333333333,15.0176073684674,3,112,3,4
"2003-05-13","20",60,0,0,10.2,16.1956261096861,3,94,4,4.5
"2003-05-13","21",60,0,0,12.9333333333333,17.0769610548849,3,62,4,6.75
"2003-05-13","22",60,0,0,12.2333333333333,17.6715482009701,3,85,4,6
"2003-05-13","23",60,0,0,10.9666666666667,17.2793269904513,3,91,4,6
"2003-05-14","00",60,0,0,79.3666666666667,140.755824958994,3,687,4,71.75
"2003-05-14","01",60,0,0,6.16666666666667,12.4684913616748,3,79,3,4
"2003-05-14","02",60,0,0,15.9166666666667,33.3564679605359,3,190,3,6
"2003-05-14","03",60,0,0,17.3833333333333,36.3845244000689,3,241,4,13
"2003-05-14","04",60,0,0,40,153.022431057606,3,1142,3,7
"2003-05-14","05",60,0,0,59.3,100.583770635497,6,438,7,84.25
"2003-05-14","06",60,0,0,465.833333333333,342.409021278802,7,1379,199.75,692.5
"2003-05-14","07",60,0,0,303.783333333333,305.482618533344,6,1468,67.25,427.5
"2003-05-14","08",60,0,0,789.983333333333,559.500427641546,13,2420,351.75,1151
"2003-05-14","09",60,0,0,314.616666666667,340.01705299541,7,1886,107,381.5
"2003-05-14","10",60,0,0,1019.05,446.992451496572,79,1718,750.25,1379
"2003-05-14","11",60,0,0,306.233333333333,254.705304401764,7,1106,138.5,435
"2003-05-14","12",60,0,0,330.183333333333,273.034330222824,6,1217,137,441.75
"2003-05-14","13",60,0,0,356.033333333333,302.709569746018,10,1665,134,483
"2003-05-14","14",60,0,0,288.733333333333,373.113099891621,6,1564,37,401.25
"2003-05-14","15",60,0,0,525.05,441.527104375604,15,2275,195.25,727
"2003-05-14","16",60,0,0,313.983333333333,263.096971983082,4,1178,97.75,427.5
"2003-05-14","17",60,0,0,10.4666666666667,28.1023954987535,4,160,4,4
"2003-05-14","18",60,0,0,11.2,27.0879296404024,3,149,4,4
"2003-05-14","19",60,0,0,10.5333333333333,22.9269042361394,3,149,4,4
"2003-05-14","20",60,0,0,5.93333333333333,6.45418447018221,3,44,4,4
"2003-05-14","21",60,0,0,97.9833333333333,202.520264034572,3,1039,4,50
"2003-05-14","22",60,0,0,42.2833333333333,84.3037469595061,3,360,4,13
"2003-05-14","23",60,0,0,25.6166666666667,51.2137731960041,3,306,4,26
"2003-05-15","00",60,0,0,11.85,30.4996943580129,3,227,4,4
"2003-05-15","01",60,0,0,71.7333333333333,171.397433545513,3,833,4,29.75
"2003-05-15","02",60,0,0,5.18333333333333,7.62353996394857,3,62,4,4
"2003-05-15","03",60,0,0,23.8833333333333,53.4441230986655,3,259,4,10
"2003-05-15","04",60,0,0,97.1833333333333,188.552514077569,3,1006,4,110.5
"2003-05-15","05",60,0,0,76.4333333333333,124.428233575561,6,438,7,132.5
"2003-05-15","06",60,0,0,486.333333333333,347.965694133467,34,1379,254.5,676
"2003-05-15","07",60,0,0,519.966666666667,428.553062856417,22,1515,128.5,781
"2003-05-15","08",60,0,0,921.933333333333,752.345797403067,15,2497,285,1401.25
"2003-05-15","09",60,0,0,2095.98333333333,403.750908763911,644,2741,1946,2293
"2003-05-15","10",60,0,0,402.616666666667,338.312015832275,6,1665,147.5,605
"2003-05-15","11",60,0,0,284.3,281.890007398607,4,1073,38.75,427.5
"2003-05-15","12",60,0,0,466.566666666667,447.395868640778,15,1614,161.75,682
"2003-05-15","13",60,0,0,1221.8,687.794702322119,53,2741,639,1678.25
"2003-05-15","14",60,0,0,735.966666666667,495.512402713532,143,2138,372,968.5
"2003-05-15","15",60,0,0,260.333333333333,357.209887817796,3,1336,4,340
"2003-05-15","16",60,0,0,10.2666666666667,26.5871554732392,3,166,4,4
"2003-05-15","17",60,0,0,11.0333333333333,17.3253675742225,3,91,4,6
"2003-05-15","18",60,0,0,15.5833333333333,33.9677272889303,3,250,4,9.25
"2003-05-15","19",60,0,0,134.966666666667,199.471502290399,4,756,5.5,110.5
"2003-05-15","20",60,0,0,181.666666666667,215.131781975187,4,975,4,296
"2003-05-15","21",60,0,0,42.5666666666667,179.810198110766,3,1006,4,4
"2003-05-15","22",60,0,0,27.3666666666667,56.0867870680414,3,277,4,16
"2003-05-15","23",60,0,0,8.8,12.9795144982457,4,71,4,6
"2003-05-16","00",60,0,0,7.46666666666667,10.5017620259515,4,50,4,4.5
"2003-05-16","01",60,0,0,14.7666666666667,29.2414650254764,4,197,4,6
"2003-05-16","02",60,0,0,55.6666666666667,98.7840765777093,4,424,4,74
"2003-05-16","03",60,0,0,40.3333333333333,124.095871449192,4,709,4,6
"2003-05-16","04",60,0,0,173.416666666667,294.216586407895,4,1178,4,221
"2003-05-16","05",60,0,0,114.15,162.006049792875,6,531,6,212
"2003-05-16","06",60,0,0,410.216666666667,277.470175014539,6,1039,215.5,575.75
"2003-05-16","07",60,0,0,390.183333333333,329.850068234227,18,1295,149,575.75
"2003-05-16","08",60,0,0,1018.43333333333,754.415417789741,15,2420,296,1773
"2003-05-16","09",60,0,0,658.15,469.072500810855,26,2008,306,901.5
"2003-05-16","10",60,0,0,367.366666666667,261.226959354859,24,1039,147.5,566
"2003-05-16","11",60,0,0,333.266666666667,314.372491285157,6,1665,100.75,442.75
"2003-05-16","12",60,0,0,552.283333333333,492.724459447522,24,2008,237.5,751.25
"2003-05-16","13",60,0,0,737.716666666667,281.656666321988,241,1468,544.5,887
"2003-05-16","14",60,0,0,620.616666666667,318.513820665293,77,1468,393.75,800.5
"2003-05-16","15",60,0,0,448.25,318.768691708517,41,1255,205,629
"2003-05-16","16",60,0,0,128.433333333333,216.967729121697,4,945,4,180.25
"2003-05-16","17",60,0,0,12.3833333333333,24.0916974704077,4,121,4,6
"2003-05-16","18",60,0,0,145.95,208.459842492993,3,665,4,243.25
"2003-05-16","19",60,0,0,194.383333333333,192.764024675352,4,756,46,308.5
"2003-05-16","20",60,0,0,156.6,221.524548128935,4,1006,9,212
"2003-05-16","21",60,0,0,89.1833333333333,158.343489712913,3,781,4,100
"2003-05-16","22",60,0,0,10.1166666666667,30.1246515792027,4,212,4,4
"2003-05-16","23",60,0,0,17.8166666666667,36.6626821152927,4,219,4,6
"2003-05-17","00",60,0,0,23.6333333333333,68.180957296397,4,499,4,10
"2003-05-17","01",60,0,0,7.78333333333333,16.0233850998001,3,112,4,4
"2003-05-17","02",60,0,0,15.2166666666667,32.3802051200393,4,190,4,6
"2003-05-17","03",60,0,0,12.2333333333333,37.4968322579192,3,250,4,4
"2003-05-17","04",60,0,0,29.8,73.4786490377088,4,410,4,10.5
"2003-05-17","05",60,0,0,126.966666666667,193.855700892085,4,833,4,161.5
"2003-05-17","06",60,0,0,369.616666666667,343.208346648271,6,1336,94,558.25
"2003-05-17","07",60,0,0,576.816666666667,398.323924551434,19,1829,319.25,787.25
"2003-05-17","08",60,0,0,234.05,194.14806729375,6,1006,118.75,296
"2003-05-17","09",60,0,0,293.533333333333,283.654448806437,4,1178,61.25,515
"2003-05-17","10",60,0,0,365.45,297.891996410484,7,1295,188.5,487
"2003-05-17","11",60,0,0,355.783333333333,244.212819918262,6,1178,199.75,460.5
"2003-05-17","12",60,0,0,385.6,268.528141377891,16,1468,217.25,495
"2003-05-17","13",60,0,0,215.6,237.117234824564,6,1142,45.5,306
"2003-05-17","14",60,0,0,192.35,187.034015305655,4,709,41.75,316.75
"2003-05-17","15",60,0,0,233.8,240.354032662132,6,915,50,375
"2003-05-17","16",60,0,0,246.683333333333,224.722313893351,6,806,62,403.75
"2003-05-17","17",60,0,0,366.416666666667,286.866134945432,25,1379,141.75,495
"2003-05-17","18",60,0,0,205.016666666667,340.369664030287,4,1178,4,210.75
"2003-05-17","19",60,0,0,14.7833333333333,28.1395383014578,4,149,4,4.5
"2003-05-17","20",60,0,0,11.85,18.9493750176443,4,99,4,6
"2003-05-17","21",60,0,0,10.5166666666667,16.6992252602863,4,71,4,6
"2003-05-17","22",60,0,0,11.6,21.2588565791024,4,138,4,6
"2003-05-17","23",60,0,0,18.85,46.1852661956096,4,306,4,6
"2003-05-18","00",60,0,0,12.2166666666667,27.5213887033011,4,166,4,6
"2003-05-18","01",60,0,0,11.7,22.9216055284092,4,138,4,6
"2003-05-18","02",60,0,0,23.5166666666667,46.5958067752834,4,296,4,12.75
"2003-05-18","03",60,0,0,18.6333333333333,27.9733327408939,4,94,4,10.5
"2003-05-18","04",60,0,0,9.08333333333333,18.082946050163,4,99,4,4
"2003-05-18","05",60,0,0,112.05,148.440529094874,4,733,4,157
"2003-05-18","06",60,0,0,199.8,101.465665897052,4,410,115,270.25
"2003-05-18","07",60,0,0,279.166666666667,270.300909952046,6,1178,20.25,471.75
"2003-05-18","08",60,0,0,223.816666666667,204.655435244562,6,806,71.75,329.5
"2003-05-18","09",60,0,0,237.3,241.203571100978,7,887,49.25,427.5
"2003-05-18","10",60,0,0,360.283333333333,254.686320306789,15,1006,217.25,483
"2003-05-18","11",60,0,0,204.533333333333,177.525311316984,4,887,63.5,308.5
"2003-05-18","12",60,0,0,201.233333333333,137.283125318355,10,586,103,250
"2003-05-18","13",60,0,0,209.883333333333,218.846753259968,6,1039,97,243.25
"2003-05-18","14",60,0,0,164.05,182.252611522523,6,1178,67.25,213.75
"2003-05-18","15",60,0,0,148.633333333333,123.396558843686,10,644,68,191.75
"2003-05-18","16",60,0,0,19.0166666666667,64.1125841495075,4,483,4,6
"2003-05-18","17",60,0,0,16.15,43.1637893594203,3,250,4,6
"2003-05-18","18",60,0,0,9.85,17.0848580000349,3,88,4,6
"2003-05-18","19",60,0,0,10.5,29.6947749783855,3,227,4,6
"2003-05-18","20",60,0,0,16.15,30.750954236262,4,134,4,6
"2003-05-18","21",60,0,0,23.3166666666667,78.5412536892138,3,499,4,6
"2003-05-18","22",60,0,0,83.65,130.388315089445,4,586,4,134
"2003-05-18","23",60,0,0,31.2333333333333,117.775622159856,3,806,4,4
"2003-05-19","00",60,0,0,190.966666666667,186.30264849475,4,806,38,243.25
"2003-05-19","01",60,0,0,145.116666666667,159.192037496415,6,915,28.25,212
"2003-05-19","02",60,0,0,60.0166666666667,95.3460231173476,4,499,4,79
"2003-05-19","03",60,0,0,22.2166666666667,61.6466397469513,3,296,4,4
"2003-05-19","04",60,0,0,21.4666666666667,76.05316308885,3,499,3,4
"2003-05-19","05",60,0,0,18.8833333333333,44.979502550801,4,250,4,4
"2003-05-19","06",60,0,0,145.25,186.837881779356,4,1106,4,222.75
"2003-05-19","07",60,0,0,62.2333333333333,126.866854891483,6,483,7,7
"2003-05-19","08",60,0,0,29.25,79.4098198683603,6,424,7,7
"2003-05-19","09",60,0,0,193.566666666667,154.054840187872,10,624,89.5,259
"2003-05-19","10",60,0,0,54.4333333333333,89.8270214652069,4,410,4,71.75
"2003-05-19","11",60,0,0,208.466666666667,223.925416356419,4,1006,4,354.75
"2003-05-19","12",60,0,0,174.933333333333,245.246805239591,4,887,6,242.5
"2003-05-19","13",60,0,0,4.83333333333333,5.94085728752463,4,50,4,4
"2003-05-19","14",60,0,0,10.1833333333333,24.6408037417522,4,184,4,4
"2003-05-19","15",60,0,0,7.53333333333333,9.77278591972465,3,50,4,4
"2003-05-19","16",60,0,0,14.6833333333333,39.3297625976652,3,259,4,6
"2003-05-19","17",60,0,0,144.516666666667,172.084477841914,4,756,4,245.5
"2003-05-19","18",60,0,0,77.8166666666667,153.531478764947,3,806,4,89.5
"2003-05-19","19",60,0,0,12.45,23.6208935091264,3,91,4,4
"2003-05-19","20",60,0,0,7.9,20.1365676303635,3,134,4,4
"2003-05-19","21",60,0,0,13.9166666666667,25.0837861512894,4,138,4,6
"2003-05-19","22",60,0,0,9.73333333333333,17.5372404402713,4,91,4,4
"2003-05-19","23",60,0,0,24.4166666666667,65.5064472610778,3,349,4,6.25
"2003-05-20","00",60,0,0,17.8833333333333,40.0677780287127,3,259,3,6
"2003-05-20","01",60,0,0,29.0833333333333,56.0705643996063,4,349,4,24
"2003-05-20","02",60,0,0,18.5833333333333,45.6943758979217,4,316,4,6.25
"2003-05-20","03",60,0,0,10.7,33.0737747508685,3,241,4,4
"2003-05-20","04",60,0,0,131.65,167.826567562055,3,859,5.5,187.25
"2003-05-20","05",60,0,0,141.183333333333,247.026828411009,6,1217,7,210.5
"2003-05-20","06",60,0,0,552.183333333333,307.538091435217,38,1255,343.5,738.75
"2003-05-20","07",60,0,0,541.366666666667,432.021655399892,41,2008,215.5,756
"2003-05-20","08",60,0,0,533.133333333333,392.949837945307,6,1423,138,866
"2003-05-20","09",60,0,0,572.65,609.678126388515,47,2275,176.5,727
"2003-05-20","10",60,0,0,908.45,831.428104151454,4,2497,277,1356
"2003-05-20","11",60,0,0,380.35,329.122347298881,4,1515,112.75,479.75
"2003-05-20","12",60,0,0,235.1,277.825374980492,6,1142,24.25,286.75
"2003-05-20","13",60,0,0,381.4,246.569356282623,13,1178,175,566
"2003-05-20","14",60,0,0,106.983333333333,93.71422330531,4,438,31.25,161.5
"2003-05-20","15",60,0,0,419.5,360.926045291125,16,1515,132.75,609.75
"2003-05-20","16",60,0,0,255.283333333333,163.459121688809,53,975,154,287.75
"2003-05-20","17",60,0,0,177.316666666667,146.263459953312,15,665,81.25,217.5
"2003-05-20","18",60,0,0,184,265.483569027781,4,1178,6,250
"2003-05-20","19",60,0,0,22.3666666666667,116.021471809764,4,887,4,4
"2003-05-20","20",60,0,0,16.5166666666667,67.1922341322538,4,410,4,4
"2003-05-20","21",60,0,0,11.25,25.9821483695692,4,160,4,4
"2003-05-20","22",60,0,0,12.0333333333333,25.6481847024516,3,143,4,4
"2003-05-20","23",60,0,0,26.7333333333333,72.0272704162515,4,397,4,6
"2003-05-21","00",60,0,0,29,63.4459599226655,4,337,4,9.25
"2003-05-21","01",60,0,0,21.2166666666667,62.9239766397372,4,424,4,6
"2003-05-21","02",60,0,0,21.5,79.1932842555885,4,549,4,4.5
"2003-05-21","03",60,0,0,26.2833333333333,57.3591396723731,4,306,4,6
"2003-05-21","04",60,0,0,59.3333333333333,166.740706718054,4,1106,4,9
"2003-05-21","05",60,0,0,73.7833333333333,147.600938363039,6,687,7,26
"2003-05-21","06",60,0,0,453.3,341.003568747169,4,1106,154.5,687
"2003-05-21","07",60,0,0,264.416666666667,284.711170425348,6,1564,69.5,345.75
"2003-05-21","08",60,0,0,920.3,596.591229331486,18,2497,453,1379
"2003-05-21","09",60,0,0,1124.48333333333,489.415995515744,134,2275,806,1446
"2003-05-21","10",60,0,0,904.75,563.790519608125,65,2138,479.25,1255
"2003-05-21","11",60,0,0,257.283333333333,232.890538896162,6,781,71.75,424
"2003-05-21","12",60,0,0,309.216666666667,302.638067198286,6,1295,53,438
"2003-05-21","13",60,0,0,519.283333333333,474.761424177455,29,2008,160,737
"2003-05-21","14",60,0,0,1218.26666666667,424.722516261157,197,2657,1006,1515
"2003-05-21","15",60,0,0,490.266666666667,477.19430241767,6,2205,131.75,715
"2003-05-21","16",60,0,0,8.91666666666667,16.9638615553787,4,88,4,4
"2003-05-21","17",60,0,0,9.58333333333333,22.3707524453638,4,166,4,4.5
"2003-05-21","18",60,0,0,13.9833333333333,30.6933944567367,4,227,4,6.25
"2003-05-21","19",60,0,0,72.9,170.726235411044,4,833,4,31.75
"2003-05-21","20",60,0,0,13.6166666666667,25.3772163040912,4,172,4,7
"2003-05-21","21",60,0,0,55.0333333333333,116.053752400893,3,549,4,42.5
"2003-05-21","22",60,0,0,16.2666666666667,64.8382254555597,4,499,4,6
"2003-05-21","23",60,0,0,15.95,22.994785702231,4,112,4,15.25
"2003-05-22","00",60,0,0,12.9666666666667,19.9167476300271,4,103,6,6
"2003-05-22","01",60,0,0,30.8333333333333,75.7782596314297,4,531,4,27.25
"2003-05-22","02",60,0,0,38.6666666666667,107.925377023431,4,566,4,4
"2003-05-22","03",60,0,0,16.8666666666667,52.6083922758823,4,349,4,4
"2003-05-22","04",60,0,0,33.4666666666667,106.916166535593,4,586,4,6.75
"2003-05-22","05",60,0,0,37.7666666666667,91.0066800801405,6,397,6,7
"2003-05-22","06",60,0,0,582,351.716372635197,22,1515,293.25,812.75
"2003-05-22","07",60,0,0,873.233333333333,452.21842505011,19,1829,549,1178
"2003-05-22","08",60,0,0,1219.71666666667,444.86242747453,349,2741,967.5,1379
"2003-05-22","09",60,0,0,555.883333333333,619.870902132641,10,2205,109.75,916.75
"2003-05-22","10",60,0,0,1201.15,769.735037507129,29,2741,527,1843.25
"2003-05-22","11",60,0,0,961.9,881.77855131508,12,2497,221.5,2008
"2003-05-22","12",60,0,0,1034.06666666667,822.307292692835,6,2657,203,1678.25
"2003-05-22","13",60,0,0,278.716666666667,282.809158367435,4,975,51.25,407.25
"2003-05-22","14",60,0,0,210.35,198.785961462514,4,806,62,263.5
"2003-05-22","15",60,0,0,420.766666666667,340.988610907112,4,1468,103.75,624
"2003-05-22","16",60,0,0,311.816666666667,281.775153279436,6,1142,77,438
"2003-05-22","17",60,0,0,185.683333333333,215.020258538401,4,887,12,308.5
"2003-05-22","18",60,0,0,15.2166666666667,36.8556927813802,4,197,4,4
"2003-05-22","19",60,0,0,16.4666666666667,42.0445553284651,4,306,4,6.75
"2003-05-22","20",60,0,0,14.7833333333333,20.1898545311426,4,88,4,8.25
"2003-05-22","21",60,0,0,9.93333333333333,12.7742679204702,4,59,4,6.25
"2003-05-22","22",60,0,0,67.0666666666667,139.824328848213,4,687,4,52.25
"2003-05-22","23",60,0,0,16.2166666666667,49.5553420016849,4,277,4,4
"2003-05-23","00",60,0,0,21.8666666666667,64.4348223221234,4,483,4,7
"2003-05-23","01",60,0,0,13.3,47.2606547936592,4,337,4,4
"2003-05-23","02",60,0,0,22.55,57.600442853759,4,410,4,10
"2003-05-23","03",60,0,0,13.7833333333333,35.7927611593801,4,241,4,4
"2003-05-23","04",60,0,0,23.9333333333333,95.7489419628523,4,709,4,4.5
"2003-05-23","05",60,0,0,101.983333333333,156.992549932993,6,566,7,142
"2003-05-23","06",60,0,0,491.3,377.600959672725,6,1468,150,709
"2003-05-23","07",60,0,0,1283.63333333333,831.276024782702,13,3103,414,1932.5
"2003-05-23","08",60,0,0,436.65,435.746731951921,9,2275,152.75,553.25
"2003-05-23","09",60,0,0,705.483333333333,485.61414869465,47,1773,225,1115
"2003-05-23","10",60,0,0,770.366666666667,496.943538267667,16,1946,378,1151
"2003-05-23","11",60,0,0,437.683333333333,358.461897446443,12,1718,181,549
"2003-05-23","12",60,0,0,414.7,428.00872397255,19,1829,117.5,527.75
"2003-05-23","13",60,0,0,501.733333333333,599.766165357254,7,2497,138,554.25
"2003-05-23","14",60,0,0,451.05,657.758608676569,4,4228,59.75,687
"2003-05-23","15",60,0,0,289.716666666667,358.981095374336,4,1665,6,495
"2003-05-23","16",60,0,0,190.75,225.824712658862,4,1217,49.25,240.25
"2003-05-23","17",60,0,0,177.666666666667,181.891443380774,4,806,44.75,243.25
"2003-05-23","18",60,0,0,37.25,103.043289405596,4,665,4,13.5
"2003-05-23","19",60,0,0,30.6166666666667,87.4703032737526,4,531,4,4
"2003-05-23","20",60,0,0,46.7666666666667,102.152489315955,4,453,4,28
"2003-05-23","21",60,0,0,37.5333333333333,73.5048635924958,4,337,4,22.75
"2003-05-23","22",60,0,0,109.633333333333,218.043687635102,4,1255,5.5,81.25
"2003-05-23","23",60,0,0,28.3666666666667,88.5353451714781,4,515,4,9
"2003-05-24","00",60,0,0,29.8833333333333,97.553999243299,4,687,4,6.25
"2003-05-24","01",60,0,0,66.5833333333333,204.096295955117,4,1336,4,9.25
"2003-05-24","02",60,0,0,50.4,123.534692855825,4,644,4,7.75
"2003-05-24","03",60,0,0,49.3333333333333,139.998264718866,4,781,4,9
"2003-05-24","04",60,0,0,19.5666666666667,41.118417938745,4,205,4,9
"2003-05-24","05",60,0,0,39.75,83.7398362160539,4,549,4,44.5
"2003-05-24","06",60,0,0,28.8833333333333,74.146006136465,4,438,4,10.5
"2003-05-24","07",60,0,0,205.716666666667,266.938200914265,4,1515,4,270.25
"2003-05-24","08",60,0,0,355.883333333333,224.688265529526,65,1217,176.5,471.75
"2003-05-24","09",60,0,0,284.683333333333,229.659991252114,6,1006,79,410
"2003-05-24","10",60,0,0,184.016666666667,208.034261492674,4,687,7,261.25
"2003-05-24","11",60,0,0,534.833333333333,272.569516349385,91,1217,331.75,709
"2003-05-24","12",60,0,0,456.95,293.180422554937,13,1178,280.75,629
"2003-05-24","13",60,0,0,522.35,555.444052774635,13,2275,137.5,715
"2003-05-24","14",60,0,0,298.683333333333,352.992269165198,6,1564,59,390.5
"2003-05-24","15",60,0,0,16.6,47.5448762143439,4,327,4,6
"2003-05-24","16",60,0,0,11.1833333333333,25.0724317958628,4,166,4,4
"2003-05-24","17",60,0,0,134.333333333333,206.623924867581,4,975,4,167.5
"2003-05-24","18",60,0,0,10.2833333333333,43.0289975803337,3,337,4,4
"2003-05-24","19",60,0,0,10.3333333333333,19.3414165841136,3,94,4,6
"2003-05-24","20",60,0,0,18.5,43.8806161599432,4,219,4,6
"2003-05-24","21",60,0,0,6.15,8.11532344249268,4,53,4,4
"2003-05-24","22",60,0,0,29.6833333333333,84.4279838873157,4,499,4,10
"2003-05-24","23",60,0,0,6.88333333333333,7.51741856762705,4,38,4,6
"2003-05-25","00",60,0,0,13.7833333333333,30.339933782408,4,190,4,6
"2003-05-25","01",60,0,0,70.2833333333333,164.58845354261,4,833,4,32.75
"2003-05-25","02",60,0,0,19.0166666666667,57.0115931316818,4,349,4,6
"2003-05-25","03",60,0,0,23.4333333333333,74.623658416619,4,499,4,6.75
"2003-05-25","04",60,0,0,24.3333333333333,53.610543696928,4,285,4,13.5
"2003-05-25","05",60,0,0,19,57.7522470030241,4,306,4,4.5
"2003-05-25","06",60,0,0,245.666666666667,217.98006958083,4,1217,121,296
"2003-05-25","07",60,0,0,183.633333333333,224.103484469591,6,1073,41.75,235.75
"2003-05-25","08",60,0,0,69.9666666666667,131.587692828603,4,624,4,95.25
"2003-05-25","09",60,0,0,181.5,253.813791347054,4,1039,7,313.75
"2003-05-25","10",60,0,0,353.083333333333,293.18827708353,6,1006,80,487
"2003-05-25","11",60,0,0,411.133333333333,404.211786519866,4,2072,89.75,605
"2003-05-25","12",60,0,0,28.95,80.7560513553534,4,566,4,9
"2003-05-25","13",60,0,0,11.7,26.9256981402337,4,184,4,6
"2003-05-25","14",60,0,0,8.83333333333333,12.6412918598933,4,79,4,6
"2003-05-25","15",60,0,0,8.76666666666667,11.7377655983981,4,65,4,6
"2003-05-25","16",60,0,0,155.7,207.548834359694,4,1039,4,270.25
"2003-05-25","17",60,0,0,5.41666666666667,6.22540357868581,4,47,4,4
"2003-05-25","18",60,0,0,8.78333333333333,17.6049797141168,4,116,4,4.5
"2003-05-25","19",60,0,0,60.9333333333333,155.285834497163,4,945,4,37.25
"2003-05-25","20",60,0,0,16.2166666666667,47.1474756829762,4,349,4,4.5
"2003-05-25","21",60,0,0,10.75,22.2273499262904,4,154,4,4
"2003-05-25","22",60,0,0,32.4166666666667,113.589700485991,4,709,4,9.25
"2003-05-25","23",60,0,0,13.3666666666667,32.6460040727943,4,205,4,4
"2003-05-26","00",60,0,0,14.9166666666667,27.2062378606648,4,143,4,6.25
"2003-05-26","01",60,0,0,7.4,8.40742206402842,4,41,4,6
"2003-05-26","02",60,0,0,107.85,223.13458923989,4,1106,4,83.5
"2003-05-26","03",60,0,0,55.8333333333333,154.012234454221,4,833,4,6.75
"2003-05-26","04",60,0,0,18.75,46.0797484838946,4,241,4,6
"2003-05-26","05",60,0,0,164.416666666667,275.977233872324,6,1468,7,185.5
"2003-05-26","06",60,0,0,426.05,347.507318542614,6,1718,167.5,614.75
"2003-05-26","07",60,0,0,344.716666666667,277.942079789143,6,1142,121.75,471.75
"2003-05-26","08",60,0,0,425.233333333333,311.802162757998,6,1379,254.5,499
"2003-05-26","09",60,0,0,441.25,541.729547414919,4,2420,56,629
"2003-05-26","10",60,0,0,592.866666666667,415.504939564213,25,1773,303.5,787.25
"2003-05-26","11",60,0,0,264.9,345.483826794065,4,1468,50.75,387.25
"2003-05-26","12",60,0,0,447.966666666667,369.416900435922,6,1665,190,553.25
"2003-05-26","13",60,0,0,673.966666666667,441.586660273013,40,1886,375.25,880.5
"2003-05-26","14",60,0,0,529.933333333333,352.597377662488,59,1886,293.25,692.5
"2003-05-26","15",60,0,0,366.116666666667,260.052021631831,13,1073,137,566
"2003-05-26","16",60,0,0,57.4333333333333,100.477734554691,6,397,7,43.25
"2003-05-26","17",60,0,0,7,0,7,7,7,7
"2003-05-26","18",60,0,0,7,0,7,7,7,7
"2003-05-26","19",60,0,0,7,0,7,7,7,7
"2003-05-26","20",60,0,0,7,0,7,7,7,7
"2003-05-26","21",60,0,0,7,0,7,7,7,7
"2003-05-26","22",60,0,0,7,0,7,7,7,7
"2003-05-26","23",60,0,0,7,0,7,7,7,7
"2003-05-27","00",60,0,0,7,0,7,7,7,7
"2003-05-27","01",60,0,0,7,0,7,7,7,7
"2003-05-27","02",60,0,0,7,0,7,7,7,7
"2003-05-27","03",60,0,0,7.2,0.605063380907533,7,9,7,7
"2003-05-27","04",60,0,0,7.86666666666667,0.999434868561816,7,9,7,9
"2003-05-27","05",60,0,0,8,1.00843896817922,7,9,7,9
"2003-05-27","06",60,0,0,8.88333333333333,2.1320131861667,7,24,9,9
"2003-05-27","07",60,0,0,7.13333333333333,0.503097748586463,7,9,7,7
"2003-05-27","08",60,0,0,7,0,7,7,7,7
"2003-05-27","09",60,0,0,7,0,7,7,7,7
"2003-05-27","10",60,0,0,7,0,7,7,7,7
"2003-05-27","11",60,0,0,7,0,7,7,7,7
"2003-05-27","12",60,0,0,7,0,7,7,7,7
"2003-05-27","13",60,0,0,7,0,7,7,7,7
"2003-05-27","14",60,0,0,7,0,7,7,7,7
"2003-05-27","15",60,0,0,7,0,7,7,7,7
"2003-05-27","16",60,0,0,7,0,7,7,7,7
"2003-05-27","17",60,0,0,7,0,7,7,7,7
"2003-05-27","18",60,0,0,7,0,7,7,7,7
"2003-05-27","19",60,0,0,7,0,7,7,7,7
"2003-05-27","20",60,0,0,7,0,7,7,7,7
"2003-05-27","21",60,0,0,7.53333333333333,0.891896981712967,7,9,7,9
"2003-05-27","22",60,0,0,8.03333333333333,1.0078785685982,7,9,7,9
"2003-05-27","23",60,0,0,8.83333333333333,0.557435613570604,7,9,9,9
"2003-05-28","00",60,0,0,9,0,9,9,9,9
"2003-05-28","01",60,0,0,9,0,9,9,9,9
"2003-05-28","02",60,0,0,8.96666666666667,0.609714205533526,7,10,9,9
"2003-05-28","03",60,0,0,9.01666666666667,0.724666297641786,7,10,9,9
"2003-05-28","04",60,0,0,8.93333333333333,0.971922202833942,7,10,9,10
"2003-05-28","05",60,0,0,9,0,9,9,9,9
"2003-05-28","06",60,0,0,9.38333333333333,2.31495994523072,9,26,9,9
"2003-05-28","07",60,0,0,8.38333333333333,0.958311839601757,7,10,7,9
"2003-05-28","08",60,0,0,7,0,7,7,7,7
"2003-05-28","09",60,0,0,7,0,7,7,7,7
"2003-05-28","10",60,0,0,7,0,7,7,7,7
"2003-05-28","11",60,0,0,7.43333333333333,0.83090040331317,7,9,7,7
"2003-05-28","12",60,0,0,9,0,9,9,9,9
"2003-05-28","13",60,0,0,9,0,9,9,9,9
"2003-05-28","14",60,0,0,9,0,9,9,9,9
"2003-05-28","15",60,0,0,9,0,9,9,9,9
"2003-05-28","16",60,0,0,9.06666666666667,0.516397779494322,9,13,9,9
"2003-05-28","17",60,0,0,9,0,9,9,9,9
"2003-05-28","18",60,0,0,9.2,1.54919333848297,9,21,9,9
"2003-05-28","19",60,0,0,9,0,9,9,9,9
"2003-05-28","20",60,0,0,8.56666666666667,5.19245432535559,7,44,7,9
"2003-05-28","21",60,0,0,7,0,7,7,7,7
"2003-05-28","22",60,0,0,7,0,7,7,7,7
"2003-05-28","23",60,0,0,7,0,7,7,7,7
"2003-05-29","00",60,0,0,7,0,7,7,7,7
"2003-05-29","01",60,0,0,7,0,7,7,7,7
"2003-05-29","02",60,0,0,7,0,7,7,7,7
"2003-05-29","03",60,0,0,7.3,0.720169471580551,7,9,7,7
"2003-05-29","04",60,0,0,8,1.00843896817922,7,9,7,9
"2003-05-29","05",60,0,0,8.63333333333333,0.780409858998846,7,9,9,9
"2003-05-29","06",60,0,0,9,0,9,9,9,9
"2003-05-29","07",60,0,0,9,0,9,9,9,9
"2003-05-29","08",60,0,0,9.51666666666667,4.54167768101085,7,44,9,9
"2003-05-29","09",60,0,0,9,0,9,9,9,9
"2003-05-29","10",60,0,0,9,0,9,9,9,9
"2003-05-29","11",60,0,0,9,0,9,9,9,9
"2003-05-29","12",60,0,0,9.4,1.21012676181507,9,18,9,10
"2003-05-29","13",60,0,0,9.43333333333333,0.673132486686513,9,13,9,10
"2003-05-29","14",60,0,0,9.03333333333333,0.181020334719393,9,10,9,9
"2003-05-29","15",60,0,0,9.25,1.93649167310371,9,24,9,9
"2003-05-29","16",60,0,0,9,0,9,9,9,9
"2003-05-29","17",60,0,0,9,0,9,9,9,9
"2003-05-29","18",60,0,0,9.2,1.54919333848297,9,21,9,9
"2003-05-29","19",60,0,0,9,0,9,9,9,9
"2003-05-29","20",60,0,0,9,0,9,9,9,9
"2003-05-29","21",60,0,0,9,0,9,9,9,9
"2003-05-29","22",60,0,0,9.03333333333333,0.181020334719393,9,10,9,9
"2003-05-29","23",60,0,0,9.08333333333333,0.278717806785302,9,10,9,9
"2003-05-30","00",60,0,0,9.3,0.462124790542445,9,10,9,10
"2003-05-30","01",60,0,0,9.43333333333333,0.499717434280908,9,10,9,10
"2003-05-30","02",60,0,0,9.48333333333333,0.503939284299098,9,10,9,10
"2003-05-30","03",60,0,0,9.5,0.504219484089611,9,10,9,10
"2003-05-30","04",60,0,0,9.38333333333333,1.75722881473775,7,21,9,10
"2003-05-30","05",60,0,0,9.5,0.504219484089611,9,10,9,10
"2003-05-30","06",60,0,0,7.98333333333333,1.3715223098177,7,13,7,9
"2003-05-30","07",60,0,0,8.91666666666667,4.60394696794129,7,38,7,9
"2003-05-30","08",60,0,0,8.53333333333333,0.853043736170197,7,9,9,9
"2003-05-30","09",60,0,0,9,0,9,9,9,9
"2003-05-30","10",60,0,0,9,0,9,9,9,9
"2003-05-30","11",60,0,0,9,0,9,9,9,9
"2003-05-30","12",60,0,0,8.83333333333333,0.557435613570604,7,9,9,9
"2003-05-30","13",60,0,0,8.43333333333333,0.90883920501097,7,9,7,9
"2003-05-30","14",60,0,0,7.96666666666667,1.0078785685982,7,9,7,9
"2003-05-30","15",60,0,0,7.9,1.00338410442709,7,9,7,9
"2003-05-30","16",60,0,0,8.61666666666667,4.26293312990674,7,37,7,9
"2003-05-30","17",60,0,0,7.93333333333333,1.00619549717293,7,9,7,9
"2003-05-30","18",60,0,0,7.96666666666667,1.0078785685982,7,9,7,9
"2003-05-30","19",60,0,0,8,1.00843896817922,7,9,7,9
"2003-05-30","20",60,0,0,9,0,9,9,9,9
"2003-05-30","21",60,0,0,9,0,9,9,9,9
"2003-05-30","22",60,0,0,9,0,9,9,9,9
"2003-05-30","23",60,0,0,9,0,9,9,9,9
"2003-05-31","00",60,0,0,9.43333333333333,0.499717434280908,9,10,9,10
"2003-05-31","01",60,0,0,9.61666666666667,0.4903014177279,9,10,9,10
"2003-05-31","02",60,0,0,9.9,0.302531690453766,9,10,10,10
"2003-05-31","03",60,0,0,10,0,10,10,10,10
"2003-05-31","04",60,0,0,9.68333333333333,0.567231357057575,7,10,9,10
"2003-05-31","05",60,0,0,9.8,0.514204997701322,7,10,10,10
"2003-05-31","06",60,0,0,9.88333333333333,0.323731771513093,9,10,10,10
"2003-05-31","07",60,0,0,9.55,0.501692052213544,9,10,9,10
"2003-05-31","08",60,0,0,9.5,0.504219484089611,9,10,9,10
"2003-05-31","09",60,0,0,9.4,0.494032181755571,9,10,9,10
"2003-05-31","10",60,0,0,9.5,0.504219484089611,9,10,9,10
"2003-05-31","11",60,0,0,9.5,0.504219484089611,9,10,9,10
"2003-05-31","12",60,0,0,9.05,0.219784177651083,9,10,9,9
"2003-05-31","13",60,0,0,9,0,9,9,9,9
"2003-05-31","14",60,0,0,9,0,9,9,9,9
"2003-05-31","15",60,0,0,9,0,9,9,9,9
"2003-05-31","16",60,0,0,9,0,9,9,9,9
"2003-05-31","17",60,0,0,9,0,9,9,9,9
"2003-05-31","18",60,0,0,9,0,9,9,9,9
"2003-05-31","19",60,0,0,9,0,9,9,9,9
"2003-05-31","20",60,0,0,9.33333333333333,2.58198889747161,9,29,9,9
"2003-05-31","21",60,0,0,9,0,9,9,9,9
"2003-05-31","22",60,0,0,9,0,9,9,9,9
"2003-05-31","23",60,0,0,9,0,9,9,9,9
"2003-06-01","00",60,0,0,9,0,9,9,9,9
"2003-06-01","01",60,0,0,9.15,0.360084735790276,9,10,9,9
"2003-06-01","02",60,0,0,9.46666666666667,0.503097748586463,9,10,9,10
"2003-06-01","03",60,0,0,9.5,0.504219484089611,9,10,9,10
"2003-06-01","04",60,0,0,9.5,0.504219484089611,9,10,9,10
"2003-06-01","05",60,0,0,9.5,0.504219484089611,9,10,9,10
"2003-06-01","06",60,0,0,9.5,0.504219484089611,9,10,9,10
"2003-06-01","07",60,0,0,8.33333333333333,1.23049757975597,7,10,7,9
"2003-06-01","08",60,0,0,7.83333333333333,1.04422003439217,7,10,7,9
"2003-06-01","09",60,0,0,8.23333333333333,1.511163730113,7,16,7,9
"2003-06-01","10",60,0,0,7.73333333333333,0.971922202833942,7,9,7,9
"2003-06-01","11",60,0,0,8.23333333333333,1.21245886411669,7,10,7,9
"2003-06-01","12",60,0,0,9.5,0.504219484089611,9,10,9,10
"2003-06-01","13",60,0,0,9.15,0.360084735790276,9,10,9,9
"2003-06-01","14",60,0,0,9,0,9,9,9,9
"2003-06-01","15",60,0,0,9,0,9,9,9,9
"2003-06-01","16",60,0,0,9,0,9,9,9,9
"2003-06-01","17",60,0,0,9.06666666666667,0.251548874293232,9,10,9,9
"2003-06-01","18",60,0,0,9.16666666666667,0.375823014001414,9,10,9,9
"2003-06-01","19",60,0,0,9.16666666666667,0.375823014001414,9,10,9,9
"2003-06-01","20",60,0,0,9.4,0.494032181755571,9,10,9,10
"2003-06-01","21",60,0,0,9.48333333333333,0.503939284299098,9,10,9,10
"2003-06-01","22",60,0,0,9.06666666666667,0.936395300176208,7,10,9,10
"2003-06-01","23",60,0,0,7.48333333333333,0.892371942418529,7,10,7,7
"2003-06-02","00",60,0,0,7,0,7,7,7,7
"2003-06-02","01",60,0,0,7,0,7,7,7,7
"2003-06-02","02",60,0,0,7.03333333333333,0.258198889747161,7,9,7,7
"2003-06-02","03",60,0,0,7.03333333333333,0.258198889747161,7,9,7,7
"2003-06-02","04",60,0,0,7.16666666666667,0.557435613570604,7,9,7,7
"2003-06-02","05",60,0,0,7.13333333333333,0.503097748586463,7,9,7,7
"2003-06-02","06",60,0,0,7.83333333333333,0.994334232022488,7,9,7,9
"2003-06-02","07",60,0,0,8,1.00843896817922,7,9,7,9
"2003-06-02","08",60,0,0,8,1.00843896817922,7,9,7,9
"2003-06-02","09",60,0,0,8,1.00843896817922,7,9,7,9
"2003-06-02","10",60,0,0,7.66666666666667,0.950765377083057,7,9,7,9
"2003-06-02","11",60,0,0,7.16666666666667,0.557435613570604,7,9,7,7
"2003-06-02","12",60,0,0,9.21666666666667,0.523730641943675,7,10,9,9.25
"2003-06-02","13",60,0,0,9,0,9,9,9,9
"2003-06-02","14",60,0,0,9,0,9,9,9,9
"2003-06-02","15",60,0,0,9,0,9,9,9,9
"2003-06-02","16",60,0,0,9,0,9,9,9,9
"2003-06-02","17",60,0,0,9,0,9,9,9,9
"2003-06-02","18",60,0,0,15.5166666666667,48.4087440156749,7,384,9,9
"2003-06-02","19",60,0,0,9,0,9,9,9,9
"2003-06-02","20",60,0,0,9,0,9,9,9,9
"2003-06-02","21",60,0,0,9,0,9,9,9,9
"2003-06-02","22",60,0,0,9,0,9,9,9,9
"2003-06-02","23",60,0,0,9.01666666666667,0.129099444873581,9,10,9,9
"2003-06-03","00",60,0,0,9.1,0.302531690453766,9,10,9,9
"2003-06-03","01",60,0,0,7.1,0.439568355302166,7,9,7,7
"2003-06-03","02",60,0,0,7,0,7,7,7,7
"2003-06-03","03",60,0,0,7.13333333333333,0.503097748586463,7,9,7,7
"2003-06-03","04",60,0,0,7.26666666666667,0.685606663601763,7,9,7,7
"2003-06-03","05",60,0,0,7.08333333333333,0.645497224367903,7,12,7,7
"2003-06-03","06",60,0,0,375.4,635.570748438902,6,3300,7,531
"2003-06-03","07",60,0,0,9.31666666666667,5.43526359944761,7,50,9,9
"2003-06-03","08",60,0,0,8.43333333333333,0.90883920501097,7,9,7,9
"2003-06-03","09",60,0,0,450.683333333333,569.14221783689,7,2138,7,596.25
"2003-06-03","10",60,0,0,135.733333333333,378.656718855566,6,1773,7,22.75
"2003-06-03","11",60,0,0,8.35,5.9569785311296,6,44,7,7
"2003-06-03","12",60,0,0,114.133333333333,304.384651090046,7,1665,7,33.5
"2003-06-03","13",60,0,0,79.9333333333333,249.343671799921,7,1515,7,9
"2003-06-03","14",60,0,0,9,0,9,9,9,9
"2003-06-03","15",46,2,4.34782608695652,13.8695652173913,26.3536703711074,0,184,9,9
